{"time/training": 792.2102103233337, "evaluation/target_3600_return_mean": 1945.8535223007414, "evaluation/target_3600_return_std": 526.342800914622, "evaluation/target_3600_length_mean": 538.39, "evaluation/target_3600_length_std": 151.6711505198006, "evaluation/target_1800_return_mean": 2113.7770086322494, "evaluation/target_1800_return_std": 660.8067080283678, "evaluation/target_1800_length_mean": 586.98, "evaluation/target_1800_length_std": 204.18070329979764, "time/total": 6010.036150217056, "time/evaluation": 589.9281189441681, "training/train_loss_mean": 0.07644140636883676, "training/train_loss_std": 0.0052964919918732775, "training/action_error": 0.08033617585897446, "_timestamp": 1682904671.0311055, "_runtime": 5148.473475456238, "_step": 3}